{"cameraMode":{"drawMode":0,"name":"Shaded","section":"Shading Mode"},"sceneLighting":true,"audioPlay":false,"sceneViewState":{"m_AlwaysRefresh":false,"showFog":true,"showSkybox":true,"showFlares":true,"showImageEffects":true,"showParticleSystems":true,"showVisualEffectGraphs":true,"m_FxEnabled":true},"in2DMode":false,"pivot":{"x":12.000245094299317,"y":183.25765991210938,"z":114.76997375488281},"rotation":{"x":0.05128353461623192,"y":0.011978779919445515,"z":-0.0006151343695819378,"w":0.9986137747764587},"size":192.9184112548828,"orthographic":false}